Date,Title,Description,Open,High,Low,Close,Volume,RSI,SMA_Short,SMA_Medium,SMA_Long
2025-03-08,Arkham Launches New Tag to Track Crypto Influencers’ Wallets,The blockchain analytics firm currently lists over 950 addresses linked to high-profile crypto figures.,2139.49,2232.35,2105.76,2203.01,12444.07216529,,,,
2025-03-09,What Is Solana (SOL)? How It Works And What To Know,"Learn about Solana, a high-performance blockchain platform. Discover how it works, its unique features, benefits, and key things to know about this popular crypto asset.",2203.18,2210.62,1991.13,2019.51,22145.70272612,,,,
2025-03-09,"‘Maximize The Value’—Trump’s Price Plan For Bitcoin, XRP, ETH, SOL And ADA Revealed",Donald Trump’s crypto czar has said the U.S. Treasury will be working to “maximize the value” of the bitcoin and other cryptocurrencies held by the U.S. in its reserve and crypto stockpile...,2203.18,2210.62,1991.13,2019.51,22145.70272612,,,,
2025-03-10,Coinbase to Launch 24/7 Bitcoin and Ethereum Futures Trading in the U.S.,The exchange is also working on launching perpetual-style futures in the U.S. with long-dated expirations.,2019.51,2152.15,1810.66,1863.51,44650.75065639,,,,
2025-03-10,"Thailand Regulator Adds USDC, USDT Stablecoins to Approved Cryptocurrencies","Previously, only bitcoin (BTC), ethereum (ETH), XRP, stellar (XLM), and certain tokens used in the Bank of Thailand’s settlement system were approved.",2019.51,2152.15,1810.66,1863.51,44650.75065639,,,,
2025-03-10,‘Panic-Selling’ Could Be About To Crash The Bitcoin Price,Donald Trump’s crypto czar has said the U.S. Treasury will be working to “maximize the value” of the bitcoin and other cryptocurrencies held by the U.S. in its reserve and crypto stockpile...,2019.51,2152.15,1810.66,1863.51,44650.75065639,,,,
2025-03-10,"Bitcoin falls below $83,000 as Trump's pro-crypto push fails to impress and recession fears grow","Bitcoin tumbled as low as $80,000 on Sunday, slightly bouncing back before hitting a new low this year, as fears of a recession loom.Read more...",2019.51,2152.15,1810.66,1863.51,44650.75065639,,,,
2025-03-10,Facebook-Developed MoveVM Gets Closer to Ethereum Deployment With Public Mainnet Beta Launch,"The mainnet launches with over $233 million worth of BTC, ETH and native asset MOVE in liquidity raised through Movement's Cornucopia program.",2019.51,2152.15,1810.66,1863.51,44650.75065639,,,,
2025-03-10,North Korean hackers cash out hundreds of millions from $1.5bn ByBit hack,Hackers from the infamous Lazarus Group are in a cat-and-mouse game to launder their stolen funds from the ByBit heist.,2019.51,2152.15,1810.66,1863.51,44650.75065639,,,,
2025-03-11,Ethereum L2 Starknet Seeks 'Bitcoin's DeFi Take-Off Moment' With BTC Wallet Xverse,The aim is to provide a Bitcoin DeFi experience using trust assumptions as the next big thing to zero-knowledge proofs until such a time that OP_CAT is adopted,1863.51,1962.0,1753.01,1922.11,27955.88379175,,1934.52,,
2025-03-11,"Bitcoin is here to stay — and heading to $200,000, Anthony Scaramucci says","SkyBridge Capital CEO Anthony Scaramucci is pretty optimistic about the future of Bitcoin, as his former boss, President Donald Trump, directs his administration’s friendly approach to cryptocurrency.Read more...",1863.51,1962.0,1753.01,1922.11,27955.88379175,,1906.4300000000003,,
2025-03-11,Cboe Files Several Amended Documents to Allow Ether Staking in ETFs,The exchange filed amended 19b-4 documents with the Securities and Exchange Commission asking to allow staking of the ETFs.,1863.51,1962.0,1753.01,1922.11,27955.88379175,,1896.6899999999998,,
2025-03-11,Better Buy: Ethereum vs. Solana,"Ever since it launched in 2015, Ethereum (CRYPTO: ETH) has been the market leader in just about every niche of the blockchain industry. It now has a massive market cap of $265 billion, and has been one of the single best crypto investments you could have made…",1863.51,1962.0,1753.01,1922.11,27955.88379175,,1886.95,,
2025-03-11,"Ethereum Foundation not behind $56M Sky deposit, developer says","An Ethereum developer rejected speculation that the Ethereum Foundation (EF) was behind a recent deposit of more than 30,000 Ether into the decentralized finance (DeFi) protocol Sky, formerly known as MakerDAO.On March 10, a wallet address deposited 30,098 Et…",1863.51,1962.0,1753.01,1922.11,27955.88379175,22.53569037240976,1892.81,,
2025-03-11,Circle Upgrades Cross-Chain Transfer Protocol Promising Near-Instant USDC Settlements,"CCTP V2 enables nearly instant USDC transfers between blockchains with new feature, reducing blockchain transaction times from minutes to seconds.",1863.51,1962.0,1753.01,1922.11,27955.88379175,22.53569037240976,1898.67,,
2025-03-12,From Ethereum's Engine Room to Wall Street: Danny Ryan's New Mission,"Ryan turned down an opportunity to help led the Ethereum Foundation and instead joined Etherealize, an organization focused on bringing Ethereum to Wall Street.",1923.08,1955.52,1830.42,1907.97,22627.89635978,20.773546338587124,1903.116,,
2025-03-12,Why is Crypto Crashing?,"The cryptocurrency market has experienced significant turbulence recently, with prices of major assets like Bitcoin, Ethereum, and others plummeting. This crash has left many investors, especially new traders, wondering: Why is crypto crashing? In this articl…",1923.08,1955.52,1830.42,1907.97,22627.89635978,20.773546338587124,1907.562,,
2025-03-12,Will Ethereum price bottom at $1.6K?,"Ethereum’s native token, Ether (ETH), dropped below $2,000 on March 10, and the altcoin has struggled to regain a position above the psychological level. While Bitcoin (BTC) and XRP (XRP) exhibited minor recoveries over the past 24 hours, Ether prices failed …",1923.08,1955.52,1830.42,1907.97,22627.89635978,20.773546338587124,1912.0079999999998,,
2025-03-12,"The Protocol: Ethereum’s Holesky Testnet Finalizes, Finally","Also: Starknet Settles to Bitcoin And Ethereum, Danny Ryan’s New Mission from Ethereum’s Engine Room to Wall Street, And Japanese Tech Giants Sony and LINE Join Forces",1923.08,1955.52,1830.42,1907.97,22627.89635978,20.773546338587124,1916.4540000000002,,
2025-03-12,Bitcoin’s Four-Year Compounded Annual Growth Rate Drops to Record Low of 8%,"Ethereum-to-bitcoin ratio hits lowest level since 2020, as four-year CAGR goes negative.",1923.08,1955.52,1830.42,1907.97,22627.89635978,20.773546338587124,1915.0399999999997,,
2025-03-12,"Binance Labs-Backed Network Hemi Debuts $440M Mainnet to 'Unify' Bitcoin, Ethereum","Hemi Labs has signed up dozens of protocols, including decentralized exchange (DEX) Sushi, liquid staking token pumpBTC and oracles RedStone and Pyth.",1923.08,1955.52,1830.42,1907.97,22627.89635978,20.773546338587124,1913.6259999999997,,
2025-03-12,"Binance Labs-Backed Network Hemi Debuts $440M Mainnet to 'Unify' Bitcoin, Ethereum","Hemi Labs has signed up dozens of protocols, including decentralized exchange (DEX) Sushi, liquid staking token pumpBTC and oracles RedStone and Pyth.",1923.08,1955.52,1830.42,1907.97,22627.89635978,20.773546338587124,1912.2120000000002,,
2025-03-13,Ethereum Developers Launch New Testnet for Pectra Upgrade After Earlier Setbacks,Core developers hope the third attempt will clear the path for a major blockchain update by May.,1908.05,1920.8,1822.12,1862.99,16264.56652363,14.65131269756074,1906.3,,
2025-03-13,Ether Sees Record Active Selling Over 3 Months: CryptoQuant,"Ethereum has faced record active selling over the past 3 months, per a CryptoQuant report.",1908.05,1920.8,1822.12,1862.99,16264.56652363,14.651312697560755,1900.3880000000001,,
2025-03-14,Ethereum pushes back Pectra upgrade to conduct third testnet ‘Hoodi’,"Ethereum core developers have decided to create a third testnet, Hoodi, to better prepare for the Pectra upgrade, which has now been delayed until at least late April after the first two testnets encountered several bugs.The Hoodi testnet will launch on March…",1862.99,1944.13,1861.71,1910.01,12153.97178796,37.11872807261167,1899.1779999999999,,
2025-03-14,Euler Looks to Build on V2's DeFi Lending Comeback Story,How Euler clawed back from a debilitating hack.,1862.99,1944.13,1861.71,1910.01,12153.97178796,37.11872807261167,1899.382,,
2025-03-14,Lazarus Group deceives developers with 6 new malicious NPM packages,Socket researchers said the malware-ridden packages were collectively downloaded over 330 times. GitHub removed all of the malicious packages Wednesday.,1862.99,1944.13,1861.71,1910.01,12153.97178796,37.118728072611674,1899.586,,
2025-03-15,Crypto Currents: Binance founder denies report on Trump talks,"As bitcoin, ethereum and other cryptocurrencies get increasing attention from investors, Wall Street and its traditional banks continue to adjust to the...",1910.01,1957.6,1904.03,1936.8,5868.36741711,47.039635035906684,1902.4689999999998,,
2025-03-15,21Shares to Liquidate Two Bitcoin and Ether Futures ETFs Amid Market Downturn,The firm is liquidating its ARK 21Shares Active On-Chain Bitcoin Strategy ETF (ARKC) and ARK 21Shares Active Bitcoin Ethereum Strategy ETF amid the downturn.,1910.01,1957.6,1904.03,1936.8,5868.36741711,47.039635035906684,1905.3519999999996,,
2025-03-17,Arbitrum Ecosystem Unveils 'Onchain Labs' to Support Early-Stage Projects,"The new program is designed to provide go-to-market support to ""experimental and volatile"" projects, according to Arbitrum's main developer.",1887.1,1951.23,1881.0,1926.26,10018.43074833,43.88069880949818,1907.181,,
2025-03-17,The U.S. Deserves Better Crypto ETFs. Let's Start With Solana,"Limiting access to the chain that launched Trump’s memecoin is like shutting investors out from Amazon or Google during their initial offerings, says Hadley Stern, at Marinade Labs.",1887.1,1951.23,1881.0,1926.26,10018.43074833,43.88069880949818,1909.0099999999998,,
2025-03-17,"Hello, Hoodi: Ethereum Welcomes a New Testnet","Ethereum's 'Pectra' upgrade will be tested on Hooli following buggy attempts on other testnets, Holesky and Sepolia.",1887.1,1951.23,1881.0,1926.26,10018.43074833,43.880698809498185,1910.839,,
2025-03-17,21Shares to Liquidate 2 Bitcoin and Ethereum Futures ETFs,,1887.1,1951.23,1881.0,1926.26,10018.43074833,43.880698809498185,1917.166,,
2025-03-17,"Ether in Structural Decline, Year-End Price Target Slashed to $4K: Standard Chartered","Layer 2 blockchains were meant to improve scalability on the Ethereum network, but Coinbase's Base has reduced ether's market cap by $50 billion, the report said.",1887.1,1951.23,1881.0,1926.26,10018.43074833,43.880698809498185,1923.493,,
2025-03-18,Optimism In A Crypto Bear Market – Key Insights From ETHDenver,This abrupt but recurring trend highlights a key reality: the Web3 space remains heavily influenced by speculation and market hype.,1926.26,1934.06,1872.31,1931.66,10578.2727335,46.54475747854134,1925.6580000000001,,
2025-03-18,Multicoin's Samani Explains Why SOL ETF Could Trounce ETH's,"Solana generates a lot more fees with a much smaller market cap than Ethereum, Samani argued.",1926.26,1934.06,1872.31,1931.66,10578.2727335,46.54475747854134,1927.8229999999999,,
2025-03-18,How Funding Fragmentation Holds Ethereum Back,"Blockchain-powered mechanisms like retroactive funding would incentivize building for impact and the long-term, says Meg Lister, General Manager at Gitcoin’s Grants Labs.",1926.26,1934.06,1872.31,1931.66,10578.2727335,46.54475747854134,1929.988,,
2025-03-19,Marina Abramović to Release 950-Piece NFT Collection,"Celebrated performance artist Marina Abramović is making a return to the Web3 space with her latest four-piece NFT collection, Marina Abramović Element (MAE). Created in partnership with digital art platform TAEX, the first drop of the collection will go live…",1931.28,2068.99,1927.77,2057.01,22377.91926825,77.50493407449378,1942.009,,
2025-03-19,"The Protocol: Meet Hoodi, Ethereum’s New Testnet",Also: Microsoft Raises Alarm of Malware Targeting Crypto Wallets; Halliday Raises $20M for AI Protocol; Sam Altman's World and Razer Want to Defeat Gaming's Bot Problem.,1931.28,2068.99,1927.77,2057.01,22377.91926825,77.50493407449376,1954.0300000000002,,
2025-03-19,Ethereum to Sunset ‘Holesky’ Testnet in September,The deprecation plan comes after Holesky fell offline due to a faulty test of Ethereum’s upcoming Pectra update.,1931.28,2068.99,1927.77,2057.01,22377.91926825,77.50493407449376,1967.105,,
2025-03-20,YouTube Game Cheats Spread Arcane Stealer Malware to Russian-Speaking Users,"YouTube videos promoting game cheats are being used to deliver a previously undocumented stealer malware called Arcane likely targeting Russian-speaking users.
""What's intriguing about this malware is how much it collects,"" Kaspersky said in an analysis. ""It …",2056.71,2066.99,1951.96,1981.55,15477.38407813,53.99267033089206,1972.6340000000005,,
2025-03-20,Ethereum co-founder Joe Lubin on the future of Ethereum — DAS,Ethereum co-founder Joe Lubin discussed the future of the smart contract network at the Digital Asset Summit and said layer-2 (L2) scaling networks would continue to be central to the Ethereum ecosystem.In an exclusive interview with Cointelegraph’s Turner Wr…,2056.71,2066.99,1951.96,1981.55,15477.38407813,53.99267033089206,1978.163,,
2025-03-20,Bitcoin DeFi Expansion Faces Fork Dilemma as Developers Explore ZK Proofs,"BitcoinOS contributor and crypto OG Edan Yago describes forks on Bitcoin as like ""open-heart surgery.""",2056.71,2066.99,1951.96,1981.55,15477.38407813,53.992670330892075,1983.6920000000002,,
2025-03-20,Ether Spot ETFs in U.S. Saw $358 Million Outflows in 11-Day Stretch,"Despite the outflows, the funds have seen a cumulative net inflow of $2.45 billion since their inception..",2056.71,2066.99,1951.96,1981.55,15477.38407813,53.992670330892075,1989.221,,
2025-03-20,"Bitcoin Traders Seek Topside Option Plays After Powell's Transitory Inflation Remark, Ether Still Lags in Sentiment","The Fed retained forecast for two rate cuts Wednesday, with Powell calling the inflationary impact of Trump's tariffs transitory.",2056.71,2066.99,1951.96,1981.55,15477.38407813,53.992670330892075,1994.2099999999998,,
2025-03-21,Why 'Staking' Could Give Ethereum ETFs a Much-Needed Boost,"BlackRock’s digital asset head says lack of crypto yield may deter investors; meanwhile, Bitwise and NYSE seek staking permission from SEC.",1981.61,1993.93,1935.91,1964.29,9119.37103192,49.06146575673555,1997.473,,
2025-03-22,"Why Ethereum Is Lagging Bitcoin—Analysts Cite Inflationary Problems, Dencun Upgrade Blowback, And Solana's Meme Coins",,1964.29,2004.66,1964.28,1980.15,6396.27396696,53.28362334698894,2002.3220000000001,,
2025-03-22,U.S. Treasury Lifts Tornado Cash Sanctions Amid North Korea Money Laundering Probe,"The U.S. Treasury Department has announced that it's removing sanctions against Tornado Cash, a cryptocurrency mixer service that has been accused of aiding the North Korea-linked Lazarus Group to launder their ill-gotten proceeds.
""Based on the Administratio…",1964.29,2004.66,1964.28,1980.15,6396.27396696,53.28362334698894,1994.636,,
2025-03-24,World Liberty Financial-Labeled Tokens Spark Speculation of Trump-Backed Project's Stablecoin Launch,"The World Liberty Financial USD token was deployed on Ethereum and BNB Chain earlier this month, and addresses linked to Wintermute and BitGo interacted with the token.",2005.13,2104.11,1978.12,2081.86,17932.4584707,71.09990585935971,1997.1209999999999,,
2025-03-24,"The daily amount of ETH burned on Ethereum due to transaction fees hit an all-time low on March 22, amid dips in other network metrics like active addresses (Zack Abrams/The Block)","Zack Abrams / The Block:
The daily amount of ETH burned on Ethereum due to transaction fees hit an all-time low on March 22, amid dips in other network metrics like active addresses  —  - The daily amount of ETH burned on Ethereum as a result of transaction f…",2005.13,2104.11,1978.12,2081.86,17932.4584707,71.09990585935971,1999.6060000000002,1944.6904000000002,
2025-03-24,"Anthropic CEO envisions AI hitting an ""I quit"" button for unpleasant requests — Copilot says all requests have their charm","Amodei claims AI might eventually get an ""I quit this job"" button for unpleasant tasks, though he admits the idea may make his ""sound crazy.""",2005.13,2104.11,1978.12,2081.86,17932.4584707,71.09990585935971,2009.637,1942.2674000000002,
2025-03-24,Bitcoin price rises but odds suggest it may have already peaked this year,Odds on prediction market platform Polymarket point to bitcoin's price heading lower still.,2005.13,2104.11,1978.12,2081.86,17932.4584707,71.09990585935971,2019.6680000000001,1943.5144,
2025-03-24,Trump Family-Linked World Liberty Snaps Up 3.54M MNT Tokens After Mantle's Hard Fork,Mantle Network integrated EigenDA last week to enhance scalability and ensure better compatibility with Ethereum's impending Pectra upgrade.,2005.13,2104.11,1978.12,2081.86,17932.4584707,71.09990585935971,2029.699,1944.7614,
2025-03-25,Crypto-native bank Custodia partners with Vantage on ‘first bank-issued stablecoin’ backed by tokenized customer deposits,"The move represents the first-ever “bank-issued stablecoin” issued on a permissionless blockchain, namely Ethereum.",2081.37,2097.82,2038.61,2066.35,8602.29900806,65.57578703887488,2038.179,1948.8182000000002,
2025-03-25,Trump-backed World Liberty Financial says it will launch a stablecoin,"World Liberty Financial, a cryptocurrency project backed by President Donald Trump’s family, announced plans for a stablecoin pinned to the U.S. dollar, just days after the president called on Congress to pass “commonsense” legislation.Read more...",2081.37,2097.82,2038.61,2066.35,8602.29900806,65.57578703887488,2046.6590000000003,1952.875,
2025-03-25,Trump’s Kids Launching Stablecoin After Trump Backs Regulations for Them,World Liberty Financial is launching USD1 backed by U.S. treasuries and dollar deposits.,2081.37,2097.82,2038.61,2066.35,8602.29900806,65.57578703887488,2056.8650000000002,1956.9317999999998,
2025-03-25,"Custodia, Vantage Bank Tokenize U.S. Dollar Demand Deposits on Ethereum","They conducted a series of eight regulated test transactions, involving minting, transferring, and redeeming Avit tokens under full U.S. banking compliance.",2081.37,2097.82,2038.61,2066.35,8602.29900806,65.57578703887489,2065.4849999999997,1960.9886,
2025-03-25,A $41B Investment Firm Wants to Stick With Just Bitcoin ETFs as Safer Bet,"The investment firm and provider of exchange-traded funds (ETFs) launched three protected bitcoin ETFs earlier this year, but it won’t do the same for Ethereum.",2081.37,2097.82,2038.61,2066.35,8602.29900806,65.57578703887489,2074.1050000000005,1965.0454,
2025-03-25,Hyperliquid Eases Token Transfers for DeFi With Integration Between HyperCore and HyperEVM,"Moving assets between blockchains or within their layer 2 services isn’t always seamless, but Hyperliquid’s update makes the process easy for users and developers.",2081.37,2097.82,2038.61,2066.35,8602.29900806,65.57578703887489,2072.554,1969.1022,
2025-03-25,"BlackRock, Securitize Expand $1.7B Tokenized Money Market Fund BUIDL to Solana",The tokenized fund now has $1.7 billion in assets and is spread across seven different blockchains as BlackRock expands its presence in the crypto space.,2081.37,2097.82,2038.61,2066.35,8602.29900806,65.57578703887489,2071.0029999999997,1971.987,
2025-03-26,Ethereum’s Final Pectra Test Goes Live on Hoodi Network,"The upgrade is the last of three tests, and developers previously agreed they would schedule Pectra 30 days from Wednesday if the test ran smoothly.",2066.36,2078.7,1982.36,2009.22,15485.38165328,44.28486331250169,2063.739,1973.7292000000002,
2025-03-26,"Celo Migration To Layer-2 Network Is Done, Bringing In New Era For The Blockchain","The transition ends a long journey beginning back in July 2023 and a fierce competition, won by Optimism, convincing the Celo ecosystem to build with their tech.",2066.36,2078.7,1982.36,2009.22,15485.38165328,44.28486331250169,2056.475,1975.4714000000001,
2025-03-26,"Crypto Exchange Bitso Launches Stablecoin Business, Eyeing LatAm Cross-Border Payments","The newly established subsidiary, Juno, will first issue a Mexican peso stablecoin on Ethereum layer-2 Arbitrum.",2066.36,2078.7,1982.36,2009.22,15485.38165328,44.2848633125017,2049.211,1977.2136,
2025-03-26,Peter Thiel-Backed Plasma Unveils 'HotStuff-Inspired Consensus' For High-Frequency Global Stablecoin Transfers,"Other key features of Plasma include custom gas tokens, zero-charge USDT transfers, and confidential transactions while ensuring compliance.",2066.36,2078.7,1982.36,2009.22,15485.38165328,44.2848633125017,2043.498,1978.9558000000002,
2025-03-26,Solidity Best Practices for 2025: Tackling Gas Fees and Scalability,"As blockchain technology continues to evolve, Solidity remains one of the most popular programming languages for developing smart contracts on Ethereum and other EVM-compatible blockchains. However, developers face persistent challenges, such as high gas fees…",2066.36,2078.7,1982.36,2009.22,15485.38165328,44.28486331250169,2037.7849999999999,1980.6979999999999,
2025-03-26,The Protocol: Ethereum’s Final Pectra Test Goes Live,"Also: Hyperliquid Eases Token Transfers for DeFi With Integration Between HyperCore and HyperEVM; Celo Migration to Layer-2 Network Is Done, Bringing in New Era for the Blockchain; Bitcoin DeFi Expansion Faces Fork Dilemma as Developers Explore ZK Proofs",2066.36,2078.7,1982.36,2009.22,15485.38165328,44.28486331250169,2032.0720000000001,1982.723,
2025-03-27,"Studio Ghibli Craze Inspires Memecoins on Ethereum, Solana After OpenAI’s 4o Release",The internet is full of people converting images to AI-generated pictures in the characteristic style of some animated movies by Japan’s Studio Ghibli. Memecoin traders are looking to cash in on the trend.,2009.64,2036.93,1987.86,2002.08,9482.79110463,41.64857315737088,2025.645,1984.6052,
2025-03-27,Malicious npm packages use devious backdoors to target users,Two malicious downloaders were recently found on npm targeting blockchain developers.,2009.64,2036.93,1987.86,2002.08,9482.79110463,41.64857315737088,2019.218,1986.4874,
2025-03-27,Sony’s Soneium blockchain teams up with Animoca Brands,Animoca Brands partnered with Sony's Soneium blockchain to develop Moca Network’s identity layer and launch San FranTokyo’s anime initiatives on Soneium.,2009.64,2036.93,1987.86,2002.08,9482.79110463,41.64857315737088,2012.791,1988.3696,
2025-03-27,Meet The Crypto Billionaire Who Helped The Trumps Make $400 Million,"Justin Sun loves a publicity stunt. But in bailing out Donald Trump’s crypto venture—netting the president and his family $400 million—Sun has boosted his efforts to create a global payment system, using his Tron platform, with 300 million users and counting.",2009.64,2036.93,1987.86,2002.08,9482.79110463,41.648573157370876,2006.364,1990.2518,
2025-03-28,Coinbase’s Ethereum staking dominance risks overcentralization: Execs,"Coinbase’s emergence as the Ethereum network’s largest node operator raises concerns about network centralization that could worsen as institutional adoption accelerates, industry executives told Cointelegraph. On March 19, Coinbase published a report disclos…",2002.09,2015.8,1860.0,1895.61,17157.66261686,18.982909203121153,1995.003,1990.0046,
2025-03-28,Anti-L2 push could ‘break the social fabric’ of Ethereum — Sandeep Nailwal,"A portion of the Ethereum community is pressuring the Ethereum Foundation to make decisions that may “break the entire social fabric” of the smart contract network by restricting Ethereum's layer-2 (L2) networks, Polygon co-founder Sandeep Nailwal said.Speaki…",2002.09,2015.8,1860.0,1895.61,17157.66261686,18.982909203121167,1983.6419999999998,1989.7574000000002,
2025-03-28,"Why Bitcoin, Ethereum, and Dogecoin Plunged Today",,2002.09,2015.8,1860.0,1895.61,17157.66261686,18.982909203121167,1972.2810000000002,1990.4098000000001,
2025-03-29,Time To Buy Ethereum? Smart Money’s View,Some might consider the phrase ‘smart money’ within a crypto investing context to be an oxymoron. But there is plenty of institutional trading interest in digital assets,1896.0,1911.99,1796.04,1827.62,9150.65068788,13.237267864238731,1954.1209999999999,1989.7024,
2025-03-31,Gunzilla launches $GUN Web3 gaming token on Binance for Off the Grid,Gunzilla is launching its $GUN token on Binance as a way for its Off the Grid battle royale game community to trade their gaming items.,1806.21,1852.64,1777.72,1822.8,18053.95407815,12.93828981933892,1935.4789999999998,1987.9582,
2025-03-31,Fidelity Files to Launch Tokenized Money Market Fund,Fidelity Investments plans to launch a tokenized money market fund as the competition for blockchain-based tokenized assets heats up.,1806.21,1852.64,1777.72,1822.8,18053.95407815,12.93828981933892,1916.8370000000002,1986.2140000000002,
2025-03-31,"Vitalik Buterin’s Viral ‘Meow’ at Robot Sparks Ethereum Price Speculation as ETH Drops Below $2,000",,1806.21,1852.64,1777.72,1822.8,18053.95407815,12.93828981933892,1898.909,1984.4697999999999,
2025-04-01,"Ethereum Reclaims No. 1 Spot as Leading DEX Chain for First Since September, Overtakes Solana","The shift in leadership occurred amidst a bearish market sentiment, particularly within the memecoin sector.",1822.06,1927.19,1819.01,1905.28,22687.98123522,41.28249125282654,1889.229,1983.8394,
2025-04-01,"Better Buy With $5,000 Right Now: Ethereum or XRP?",,1822.06,1927.19,1819.01,1905.28,22687.98123522,41.282491252826546,1879.5489999999998,1983.2090000000003,
2025-04-01,Should You Buy Ethereum While It's Down 45% This Year?,,1822.06,1927.19,1819.01,1905.28,22687.98123522,41.282491252826546,1869.869,1982.7894000000001,
2025-04-02,Rimac Mulls Buying Porsche’s Stake in Hypercar Joint Venture Bugatti,,1905.28,1955.0,1781.97,1792.97,21161.26935611,26.57073708987761,1859.605,1980.1236000000001,
2025-04-02,Argentina Offers a Cautionary Tale About Tariffs and Peanuts,,1905.28,1955.0,1781.97,1792.97,21161.26935611,26.57073708987761,1849.341,1977.4578000000004,
2025-04-02,DOGE Is Hunting for Cuts at the SEC,,1905.28,1955.0,1781.97,1792.97,21161.26935611,26.57073708987761,1839.077,1974.792,
2025-04-02,Why Fidelity Likely Will Take a Hit From LPL Financial’s Big Deal,,1905.28,1955.0,1781.97,1792.97,21161.26935611,26.57073708987761,1835.6119999999999,1972.1262,
2025-04-02,Stablecoins Are Growing Up,,1905.28,1955.0,1781.97,1792.97,21161.26935611,26.570737089877596,1832.6290000000001,1969.3524,
2025-04-02,Avalanche's AVAX Could Rise 10-Fold by 2029: Standard Chartered,"Improved scalability should drive activity and value to the Avalanche network, said Geoff Kendrick.",1905.28,1955.0,1781.97,1792.97,21161.26935611,26.57073708987761,1829.646,1966.5785999999998,
2025-04-03,0xbow's Ethereum Privacy Pools Surpass 200 Deposits as User Interest Grows,"0xbow's Ethereum Privacy Pools Surpass 200 Deposits as User Interest Grows
The system uses zero-knowledge proofs to ensure privacy while maintaining compliance by screening for illicit funds.
What to know:
- New privacy tools for Ethereum, such as Oxbow's,, a…",1794.85,1843.76,1750.0,1815.63,21584.19549121,33.9761455021703,1828.929,1964.2580000000003,
2025-04-03,Ethereum Developers Lock in May 7 for Pectra Upgrade,The decision to schedule Pectra was made just over a week after the upgrade went live on the Hoodi testnet without any hiccups.,1794.85,1843.76,1750.0,1815.63,21584.19549121,33.9761455021703,1819.964,1959.4304000000002,
2025-04-03,Legacy Stripe API Exploited to Validate Stolen Payment Cards in Web Skimmer Campaign,"Threat hunters are warning of a sophisticated web skimmer campaign that leverages a legacy application programming interface (API) from payment processor Stripe to validate stolen payment information prior to exfiltration.
""This tactic ensures that only valid…",1794.85,1843.76,1750.0,1815.63,21584.19549121,33.9761455021703,1810.9990000000003,1954.6028,
2025-04-03,0xbow's Ethereum Privacy Pools Surpass 200 Deposits as User Interest Grows,The system uses zero-knowledge proofs to ensure privacy while maintaining compliance by screening for illicit funds.,1794.85,1843.76,1750.0,1815.63,21584.19549121,33.9761455021703,1802.034,1949.7751999999998,
2025-04-04,What Are Stablecoins?,"Stablecoins—cryptocurrencies tied to the U.S. dollar—are gaining traction globally and in Washington, with The STABLE and GENIUS Acts.",1815.62,1834.03,1759.59,1815.21,18589.8883563,33.890935314997066,1804.2580000000003,1946.4484000000002,
2025-04-04,Creators of DeFi Firm Aave Launch Social Media Developer Network Lens Chain,Lens Chain mainnet goes live using an inexpensive Ethereum overlay blockchain designed for building decentralized social media applications.,1815.62,1834.03,1759.59,1815.21,18589.8883563,33.89093531499705,1806.482,1943.1216,
2025-04-04,Creators of DeFi Firm Aave Launch Social Media Developer Network Lens Chain,Lens Chain mainnet goes live using an inexpensive Ethereum overlay blockchain designed for building decentralized social media applications.,1815.62,1834.03,1759.59,1815.21,18589.8883563,33.89093531499705,1808.7060000000001,1939.7948000000001,
